language,threshold_N,reached,failures,confidence_pct
ALL,1,401074,32240,92.0
ALL,2,198950,9729,95.1
ALL,3,125054,5228,95.8
ALL,4,87699,3306,96.2
ALL,5,65888,2384,96.4
ALL,7,42406,1418,96.7
ALL,10,26448,764,97.1
ALL,15,14922,360,97.6
ALL,20,9289,190,98.0
da,1,19022,887,95.3
da,2,10594,322,97.0
da,3,7268,170,97.7
da,4,5373,108,98.0
da,5,4264,86,98.0
da,7,2924,50,98.3
da,10,1895,31,98.4
da,15,1123,21,98.1
da,20,735,14,98.1
de,1,9870,491,95.0
de,2,4865,179,96.3
de,3,3079,97,96.8
de,4,2197,58,97.4
de,5,1680,46,97.3
de,7,1092,25,97.7
de,10,679,10,98.5
de,15,354,4,98.9
de,20,140,1,99.3
en,1,15123,477,96.8
en,2,7906,54,99.3
en,3,5031,19,99.6
en,4,3495,10,99.7
en,5,2567,8,99.7
en,7,1616,5,99.7
en,10,955,2,99.8
en,15,459,0,100.0
en,20,228,0,100.0
fr,1,315557,26048,91.7
fr,2,151414,8521,94.4
fr,3,91948,4645,94.9
fr,4,62360,2955,95.3
fr,5,45492,2115,95.4
fr,7,27769,1256,95.5
fr,10,16201,669,95.9
fr,15,8213,300,96.3
fr,20,4467,148,96.7
nl,1,41502,4337,89.5
nl,2,24171,653,97.3
nl,3,17728,297,98.3
nl,4,14274,175,98.8
nl,5,11885,129,98.9
nl,7,9005,82,99.1
nl,10,6718,52,99.2
nl,15,4773,35,99.3
nl,20,3719,27,99.3
